,https://URL
0,https://192.168.1.1/index1.html
1,https://192.168.1.1/index2.html
2,https://192.168.1.1/index3.html
3,https://192.168.1.1/index4.html
4,https://192.168.1.1/index5.html
5,https://192.168.1.1/index6.html
6,https://192.168.1.1/index7.html
7,https://192.168.1.1/index8.html
8,https://192.168.1.1/index9.html
9,https://192.168.1.1/index10.html
10,https://192.168.1.1/index11.html
11,https://192.168.1.1/index12.html
12,https://192.168.1.1/index13.html
13,https://192.168.1.1/index14.html
14,https://192.168.1.1/index15.html
15,https://192.168.1.1/index16.html
16,https://192.168.1.1/index17.html
17,https://192.168.1.1/index18.html
18,https://192.168.1.1/index19.html
19,https://192.168.1.1/index20.html
20,https://192.168.1.1/index21.html
21,https://192.168.1.1/index22.html
22,https://192.168.1.1/index23.html
23,https://192.168.1.1/index24.html
24,https://192.168.1.1/index25.html
25,https://192.168.1.1/index26.html
26,https://192.168.1.1/index27.html
27,https://192.168.1.1/index28.html
28,https://192.168.1.1/index29.html
29,https://192.168.1.1/index30.html
30,https://192.168.1.1/index31.html
31,https://192.168.1.1/index32.html
32,https://192.168.1.1/index33.html
33,https://192.168.1.1/index34.html
34,https://192.168.1.1/index35.html
35,https://192.168.1.1/index36.html
36,https://192.168.1.1/index37.html
37,https://192.168.1.1/index38.html
38,https://192.168.1.1/index39.html
39,https://192.168.1.1/index40.html
40,https://192.168.1.1/index41.html
41,https://192.168.1.1/index42.html
42,https://192.168.1.1/index43.html
43,https://192.168.1.1/index44.html
44,https://192.168.1.1/index45.html
45,https://192.168.1.1/index46.html
46,https://192.168.1.1/index47.html
47,https://192.168.1.1/index48.html
48,https://192.168.1.1/index49.html
49,https://192.168.1.1/index50.html
50,https://192.168.1.1/index51.html
51,https://192.168.1.1/index52.html
52,https://192.168.1.1/index53.html
53,https://192.168.1.1/index54.html
54,https://192.168.1.1/index55.html
55,https://192.168.1.1/index56.html
56,https://192.168.1.1/index57.html
57,https://192.168.1.1/index58.html
58,https://192.168.1.1/index59.html
59,https://192.168.1.1/index60.html
60,https://192.168.1.1/index61.html
61,https://192.168.1.1/index62.html
62,https://192.168.1.1/index63.html
63,https://192.168.1.1/index64.html
64,https://192.168.1.1/index65.html
65,https://192.168.1.1/index66.html
66,https://192.168.1.1/index67.html
67,https://192.168.1.1/index68.html
68,https://192.168.1.1/index69.html
69,https://192.168.1.1/index70.html
70,https://192.168.1.1/index71.html
71,https://192.168.1.1/index72.html
72,https://192.168.1.1/index73.html
73,https://192.168.1.1/index74.html
74,https://192.168.1.1/index75.html
75,https://192.168.1.1/index76.html
76,https://192.168.1.1/index77.html
77,https://192.168.1.1/index78.html
78,https://192.168.1.1/index79.html
79,https://192.168.1.1/index80.html
80,https://192.168.1.1/index81.html
81,https://192.168.1.1/index82.html
82,https://192.168.1.1/index83.html
83,https://192.168.1.1/index84.html
84,https://192.168.1.1/index85.html
85,https://192.168.1.1/index86.html
86,https://192.168.1.1/index87.html
87,https://192.168.1.1/index88.html
88,https://192.168.1.1/index89.html
89,https://192.168.1.1/index90.html
90,https://192.168.1.1/index91.html
91,https://192.168.1.1/index92.html
92,https://192.168.1.1/index93.html
93,https://192.168.1.1/index94.html
94,https://192.168.1.1/index95.html
95,https://192.168.1.1/index96.html
96,https://192.168.1.1/index97.html
97,https://192.168.1.1/index98.html
98,https://192.168.1.1/index99.html
99,https://192.168.1.1/index100.html
